Workbook

Sheet PORTADA
A1: UNIVERSIDAD DE LA GUAJIRA
A2: Facultad de Ingeniería — Programa de Ingeniería de Sistemas — Materia: Simulación
A3: MODELO ANALÍTICO vs. MODELO DE SIMULACIÓN • Sistema de Cola M/M/1 – Cafetería Universitaria
A4: Estudiantes: Juan Carlos Añez Ahumada • Jorge Mejía | Riohacha, 2026
A6: λ (llegadas/hora) = 20
A7: μ (servicio/hora) = 25
A8: Servidores c = 1
A9: ρ = 0,80 → sistema estable, ocioso 20 %
A11: Cómo usar este libro: 1) Hoja ANALITICO: cambie las celdas amarillas (λ, μ) y todo se recalcula. 2) Hoja SIMULACION: tabla de 100 clientes con fórmulas; U1 y U2 vienen fijos (semilla) para verificar. Para experimentar cámbielos por =ALEATORIO() y pulse F9. 3) Hoja COMPARATIVA: contraste analítico vs. simulado con error % y gráfico. 4) Hoja VENTAJAS_LIMITACIONES: matriz para la exposición de 3 min.

Sheet ANALITICO
A1: MODELO ANALÍTICO M/M/1 — Cálculos con fórmulas Excel
A2: Cambie solo las celdas amarillas. Todo lo demás se recalcula solo.
A4: Parámetro / Indicador | B4: Símbolo | C4: Valor | D4: Fórmula Excel usada
A5: Tasa de llegada (por hora) | B5: λ | C5: 20 | D5: Dato de entrada
A6: Tasa de servicio (por hora) | B6: μ | C6: 25 | D6: Dato de entrada
A7: N.º servidores | B7: c | C7: 1 | D7: Dato de entrada
A8: Intensidad de tráfico | B8: ρ = λ/μ | C8: =C5/C6 | D8: =C5/C6
A9: Prob. sistema vacío | B9: P0 = 1−ρ | C9: =1-C8 | D9: =1-C8
A10: N.º medio en sistema | B10: L = ρ/(1−ρ) | C10: =C8/(1-C8) | D10: =C8/(1-C8)
A11: N.º medio en cola | B11: Lq = ρ²/(1−ρ) | C11: =C8^2/(1-C8) | D11: =C8^2/(1-C8)
A12: Tiempo en sistema (h) | B12: W = 1/(μ−λ) | C12: =1/(C6-C5) | D12: =1/(C6-C5)
A13: Tiempo en cola (h) | B13: Wq = ρ/(μ−λ) | C13: =C8/(C6-C5) | D13: =C8/(C6-C5)
A14: Tiempo en sistema (min) | B14: W×60 | C14: =C12*60 | D14: =C12*60
A15: Tiempo en cola (min) | B15: Wq×60 | C15: =C13*60 | D15: =C13*60
A16: Prob. de esperar | B16: Pw = ρ | C16: =C8 | D16: =C8
A17: P(N>3) | B17: ρ^4 | C17: =C8^4 | D17: =C8^4
A19: Estado: | B19: =SI(C8<1,"✓ ESTABLE (ρ<1)","✗ INESTABLE")
A20: Verificación Little L=λW: | B20: =C5*C12 | C20: debe ≈ C10
A21: Verificación Little Lq=λWq: | B21: =C5*C13 | C21: debe ≈ C11

Sheet SIMULACION
A1: SIMULACION MONTE CARLO — 100 clientes (M/M/1, lam=20/h, mu=25/h) | M1: PARAMS | N1: Valor
A2: U1 y U2 fijos (semilla) para verificacion. Para experimentar: reemplace columnas B y E por =ALEATORIO() y pulse F9. Parametros en N2:N3. | M2: lam por min | N2: 0.33333333
M3: mu por min | N3: 0.41666667
M4: n | N4: 100
A5: N | B5: U1 (llegada) | C5: TELL (min) | D5: Hora llegada | E5: U2 (servicio) | F5: TS (min) | G5: Inicio servicio | H5: Fin servicio | I5: Espera cola | J5: Tiempo sistema | K5: Ocio previo
A6: 1 | B6: 0.90563968 | C6: =-LN(1-B6)/$N$2 | D6: =C6 | E6: 0.30141857 | F6: =-LN(1-E6)/$N$3 | G6: =D6 | H6: =G6+F6 | I6: =G6-D6 | J6: =H6-D6 | K6: =G6
A7: 2 | B7: 0.68625416 | C7: =-LN(1-B7)/$N$2 | D7: =D6+C7 | E7: 0.55502208 | F7: =-LN(1-E7)/$N$3 | G7: =MAX(D7,H6) | H7: =G7+F7 | I7: =G7-D7 | J7: =H7-D7 | K7: =MAX(0,G7-H6)
A8: 3 | B8: 0.76650926 | C8: =-LN(1-B8)/$N$2 | D8: =D7+C8 | E8: 0.88617839 | F8: =-LN(1-E8)/$N$3 | G8: =MAX(D8,H7) | H8: =G8+F8 | I8: =G8-D8 | J8: =H8-D8 | K8: =MAX(0,G8-H7)
A9: 4 | B9: 0.90461624 | C9: =-LN(1-B9)/$N$2 | D9: =D8+C9 | E9: 0.64796928 | F9: =-LN(1-E9)/$N$3 | G9: =MAX(D9,H8) | H9: =G9+F9 | I9: =G9-D9 | J9: =H9-D9 | K9: =MAX(0,G9-H8)
A10: 5 | B10: 0.25982745 | C10: =-LN(1-B10)/$N$2 | D10: =D9+C10 | E10: 0.4485187 | F10: =-LN(1-E10)/$N$3 | G10: =MAX(D10,H9) | H10: =G10+F10 | I10: =G10-D10 | J10: =H10-D10 | K10: =MAX(0,G10-H9)
A11: 6 | B11: 0.63572587 | C11: =-LN(1-B11)/$N$2 | D11: =D10+C11 | E11: 0.0032414509 | F11: =-LN(1-E11)/$N$3 | G11: =MAX(D11,H10) | H11: =G11+F11 | I11: =G11-D11 | J11: =H11-D11 | K11: =MAX(0,G11-H10)
A12: 7 | B12: 0.90494569 | C12: =-LN(1-B12)/$N$2 | D12: =D11+C12 | E12: 0.18856235 | F12: =-LN(1-E12)/$N$3 | G12: =MAX(D12,H11) | H12: =G12+F12 | I12: =G12-D12 | J12: =H12-D12 | K12: =MAX(0,G12-H11)
A13: 8 | B13: 0.87213037 | C13: =-LN(1-B13)/$N$2 | D13: =D12+C13 | E13: 0.63420621 | F13: =-LN(1-E13)/$N$3 | G13: =MAX(D13,H12) | H13: =G13+F13 | I13: =G13-D13 | J13: =H13-D13 | K13: =MAX(0,G13-H12)
A14: 9 | B14: 0.57294067 | C14: =-LN(1-B14)/$N$2 | D14: =D13+C14 | E14: 0.40506821 | F14: =-LN(1-E14)/$N$3 | G14: =MAX(D14,H13) | H14: =G14+F14 | I14: =G14-D14 | J14: =H14-D14 | K14: =MAX(0,G14-H13)
A15: 10 | B15: 0.16937809 | C15: =-LN(1-B15)/$N$2 | D15: =D14+C15 | E15: 0.8470858 | F15: =-LN(1-E15)/$N$3 | G15: =MAX(D15,H14) | H15: =G15+F15 | I15: =G15-D15 | J15: =H15-D15 | K15: =MAX(0,G15-H14)
A16: 11 | B16: 0.41152306 | C16: =-LN(1-B16)/$N$2 | D16: =D15+C16 | E16: 0.90882886 | F16: =-LN(1-E16)/$N$3 | G16: =MAX(D16,H15) | H16: =G16+F16 | I16: =G16-D16 | J16: =H16-D16 | K16: =MAX(0,G16-H15)
A17: 12 | B17: 0.99383801 | C17: =-LN(1-B17)/$N$2 | D17: =D16+C17 | E17: 0.29648236 | F17: =-LN(1-E17)/$N$3 | G17: =MAX(D17,H16) | H17: =G17+F17 | I17: =G17-D17 | J17: =H17-D17 | K17: =MAX(0,G17-H16)
A18: 13 | B18: 0.1032478 | C18: =-LN(1-B18)/$N$2 | D18: =D17+C18 | E18: 0.36449157 | F18: =-LN(1-E18)/$N$3 | G18: =MAX(D18,H17) | H18: =G18+F18 | I18: =G18-D18 | J18: =H18-D18 | K18: =MAX(0,G18-H17)
... A105: 100 | B105: 0.22639435 | C105: =-LN(1-B105)/$N$2 | D105: =D104+C105 | E105: 0.56125134 | F105: =-LN(1-E105)/$N$3 | G105: =MAX(D105,H104) | H105: =G105+F105 | I105: =G105-D105 | J105: =H105-D105 | K105: =MAX(0,G105-H104)
A106: PROM / SUMA | C106: =PROMEDIO(C6:C105) | D106: =H105 | F106: =PROMEDIO(F6:F105) | H106: =SUMA(F6:F105) | I106: =PROMEDIO(I6:I105) | J106: =PROMEDIO(J6:J105) | K106: =SUMA(K6:K105)
A107: LECTURA: I106 = Wq simulado (≈9,6 min teórico) • J106 = W simulado (≈12 min teórico) • Utilización ρ ≈ SUMA(F)/H105 • Compare con hoja ANALITICO (C14 y C15).

Sheet COMPARATIVA
A1: COMPARATIVA: ANALÍTICO (exacto) vs. SIMULADO (estimado)
A3: Indicador | B3: Analítico | C3: Simulado (de SIMULACION) | D3: Error % | E3: Interpretación
A4: rho ocupacion | B4: =ANALITICO!C8 | C4: =SIMULACION!H106/SIMULACION!D106 | D4: =SI(B4=0,0,ABS(C4-B4)/B4*100) | E4: 1 - ocio
A5: P0 ocio | B5: =ANALITICO!C9 | C5: =1-C4 | D5: =SI(B5=0,0,ABS(C5-B5)/B5*100) | E5: inverso de rho
A6: L en sistema | B6: =ANALITICO!C10 | C6: =ANALITICO!C5/60*C8 | D6: =SI(B6=0,0,ABS(C6-B6)/B6*100) | E6: Little: lam*W
A7: Lq en cola | B7: =ANALITICO!C11 | C7: =ANALITICO!C5/60*C9 | D7: =SI(B7=0,0,ABS(C7-B7)/B7*100) | E7: Little: lam*Wq
A8: W (min) | B8: =ANALITICO!C14 | C8: =SIMULACION!J106 | D8: =SI(B8=0,0,ABS(C8-B8)/B8*100) | E8: promedio J
A9: Wq (min) | B9: =ANALITICO!C15 | C9: =SIMULACION!I106 | D9: =SI(B9=0,0,ABS(C9-B9)/B9*100) | E9: promedio I
A10: CONCLUSIÓN AUTOMÁTICA: si el error % es < 15 % con n=100, la simulación VALIDA la teoría y ambos apoyan la misma decisión (1 caja = congestión, evaluar 2 cajas). Si regenera aleatorios con =ALEATORIO() el error oscilará, lo que demuestra la naturaleza aproximada de la simulación.

Sheet VENTAJAS_LIMITACIONES
A1: VENTAJAS Y LIMITACIONES — Matriz para exponer
A3: Criterio | B3: Modelo analítico | C3: Modelo de simulación
A4: Precisión | B4: Exacto si se cumplen supuestos | C4: Aproximado; mejora con réplicas
A5: Costo / tiempo | B5: Instantáneo, lápiz o 1 fórmula | C5: Requiere diseño + corridas
A6: Supuestos | B6: Poisson, exponencial, estable | C6: Cualquier distribución / horario
A7: Flexibilidad | B7: Solo M/M/1, M/M/c simples | C7: Redes, picos, prioridades, fallas
A8: Horizonte | B8: Solo largo plazo estable | C8: Transitorio hora a hora + peor caso
A9: Uso ideal | B9: Respuesta rápida y validación | C9: Probar 2 cajas, picos, app pedidos
A10: REGLA PRÁCTICA: use el analítico para dimensionar rápido y validar; use la simulación para explorar escenarios sin tocar la realidad. En clase diga: “El analítico nos da la respuesta; la simulación nos deja jugar con el futuro.” — Juan Carlos Añez Ahumada y Jorge Mejía.
